cmi_c13_mean,cmi_c13_std,cmi_c13_min,cmi_c13_max,cmi_c15_mean,cmi_c15_std,cmi_c15_min,cmi_c15_max,cmi_c16_mean,cmi_c16_std,cmi_c16_min,cmi_c16_max,btd_13_15,btd_13_16,btd_15_16,timestamp,timestamp_local,time_10min
279.8278503417969,2.3929076194763184,274.9017639160156,283.75103759765625,278.44488525390625,1.9704492092132568,274.3947448730469,281.60162353515625,264.7086181640625,1.0264692306518555,262.6816101074219,266.3169860839844,1.382965087890625,15.119232177734375,13.73626708984375,2026-05-10 01:45:07.820574976,2026-05-09 20:45:07.820574976-05:00,2026-05-09 20:40:00-05:00
279.8745422363281,2.3785510063171387,274.7174072265625,283.8125,278.3638916015625,2.1230342388153076,274.0373840332031,281.83984375,264.5455627441406,1.2557345628738403,262.18585205078125,266.48223876953125,1.510650634765625,15.3289794921875,13.818328857421875,2026-05-10 01:55:08.128487936,2026-05-09 20:55:08.128487936-05:00,2026-05-09 20:50:00-05:00
279.94091796875,2.348193645477295,274.594482421875,283.6895751953125,278.4734802246094,2.224552631378174,272.72705078125,281.54205322265625,264.6116943359375,1.2568681240081787,261.2494812011719,266.3169860839844,1.467437744140625,15.3292236328125,13.861785888671875,2026-05-10 02:05:08.423251072,2026-05-09 21:05:08.423251072-05:00,2026-05-09 21:00:00-05:00
279.761474609375,2.1053247451782227,275.024658203125,283.1979675292969,278.4043884277344,1.65726900100708,274.7521057128906,280.82733154296875,264.47064208984375,0.91469806432724,262.5714416503906,265.82122802734375,1.357086181640625,15.29083251953125,13.933746337890625,2026-05-10 02:15:08.406948992,2026-05-09 21:15:08.406948992-05:00,2026-05-09 21:10:00-05:00
279.547607421875,2.2875823974609375,274.5330505371094,283.1979675292969,278.31622314453125,1.852692723274231,274.216064453125,281.2442626953125,264.48828125,1.013496994972229,262.18585205078125,265.82122802734375,1.23138427734375,15.059326171875,13.82794189453125,2026-05-10 02:25:08.411020032,2026-05-09 21:25:08.411020032-05:00,2026-05-09 21:20:00-05:00
279.2796936035156,2.318751096725464,274.34869384765625,283.0750427246094,278.0565490722656,1.9287489652633667,273.85870361328125,281.0655822753906,264.301025390625,1.1014084815979004,262.0206298828125,266.0966796875,1.22314453125,14.978668212890625,13.755523681640625,2026-05-10 02:35:08.130521984,2026-05-09 21:35:08.130521984-05:00,2026-05-09 21:30:00-05:00
277.3402404785156,5.573561191558838,255.85122680664062,282.89068603515625,275.6907958984375,6.335757255554199,249.677001953125,280.8868713378906,262.0955505371094,5.612955093383789,237.83982849121094,265.7110900878906,1.649444580078125,15.24468994140625,13.595245361328125,2026-05-10 02:45:07.826684928,2026-05-09 21:45:07.826684928-05:00,2026-05-09 21:40:00-05:00
273.7341613769531,9.098861694335938,248.84555053710938,282.52197265625,270.74249267578125,10.933833122253418,240.02816772460938,280.469970703125,257.64715576171875,9.479157447814941,231.0097198486328,265.4356689453125,2.991668701171875,16.087005615234375,13.0953369140625,2026-05-10 02:55:08.415369088,2026-05-09 21:55:08.415369088-05:00,2026-05-09 21:50:00-05:00
271.217041015625,8.635721206665039,253.70037841796875,281.4158020019531,267.08544921875,10.552249908447266,246.87765502929688,279.6361083984375,254.6132354736328,8.930593490600586,238.17031860351562,265.1602783203125,4.131591796875,16.603805541992188,12.472213745117188,2026-05-10 03:05:08.473382912,2026-05-09 22:05:08.473382912-05:00,2026-05-09 22:00:00-05:00
271.35467529296875,5.952477931976318,261.8736572265625,279.6336669921875,266.2778015136719,7.482972145080566,255.33529663085938,277.1941223144531,254.03599548339844,6.296135425567627,243.67848205566406,263.7281494140625,5.076873779296875,17.318679809570312,12.241806030273438,2026-05-10 03:15:08.409832960,2026-05-09 22:15:08.409832960-05:00,2026-05-09 22:10:00-05:00
274.54779052734375,4.017947196960449,265.8681335449219,279.8180236816406,269.9944152832031,5.665364742279053,258.1346435546875,278.2066345214844,257.4114074707031,4.534241199493408,248.47056579589844,264.2789611816406,4.553375244140625,17.136383056640625,12.5830078125,2026-05-10 03:25:08.439849984,2026-05-09 22:25:08.439849984-05:00,2026-05-09 22:20:00-05:00
276.2684631347656,2.8698811531066895,269.73968505859375,280.12530517578125,272.7651672363281,4.326228618621826,263.19732666015625,278.44488525390625,259.8746643066406,3.668001174926758,251.8856201171875,264.3891296386719,3.5032958984375,16.393798828125,12.8905029296875,2026-05-10 03:35:08.415040000,2026-05-09 22:35:08.415040-05:00,2026-05-09 22:30:00-05:00
277.66961669921875,2.1328799724578857,272.62799072265625,280.6783752441406,275.3096008300781,2.688293933868408,268.43865966796875,278.44488525390625,262.1352233886719,2.2413177490234375,255.63116455078125,264.3891296386719,2.360015869140625,15.534393310546875,13.17437744140625,2026-05-10 03:45:08.178290944,2026-05-09 22:45:08.178290944-05:00,2026-05-09 22:40:00-05:00
278.5766906738281,2.054633855819702,273.7341613769531,281.72308349609375,276.7128601074219,1.704641580581665,272.72705078125,279.15960693359375,263.3271484375,1.0047825574874878,260.97406005859375,264.4992980957031,1.86383056640625,15.249542236328125,13.385711669921875,2026-05-10 03:55:08.132724992,2026-05-09 22:55:08.132724992-05:00,2026-05-09 22:50:00-05:00
278.7806701660156,2.1434648036956787,273.7341613769531,281.66162109375,277.04400634765625,1.8604432344436646,272.6079406738281,279.27874755859375,263.59375,1.010512351989746,261.2494812011719,264.77471923828125,1.736663818359375,15.186920166015625,13.45025634765625,2026-05-10 04:05:08.428599040,2026-05-09 23:05:08.428599040-05:00,2026-05-09 23:00:00-05:00
278.82000732421875,2.1732094287872314,273.6726989746094,281.5387268066406,277.16552734375,1.884089708328247,272.31011962890625,279.21917724609375,263.7127380371094,1.0116451978683472,260.97406005859375,264.66455078125,1.65447998046875,15.107269287109375,13.452789306640625,2026-05-10 04:15:08.147272960,2026-05-09 23:15:08.147272960-05:00,2026-05-09 23:10:00-05:00
278.8446350097656,2.1491949558258057,273.79559326171875,281.7845458984375,277.27752685546875,1.7753543853759766,272.9057312011719,279.5765380859375,263.8118896484375,0.9431787133216858,261.46978759765625,265.05010986328125,1.567108154296875,15.032745361328125,13.46563720703125,2026-05-10 04:25:08.122040064,2026-05-09 23:25:08.122040064-05:00,2026-05-09 23:20:00-05:00
278.6233825683594,2.202127695083618,273.48834228515625,281.5387268066406,277.1250305175781,1.8313510417938232,272.8461608886719,279.5765380859375,263.5893249511719,1.065011978149414,260.808837890625,264.8848571777344,1.49835205078125,15.0340576171875,13.53570556640625,2026-05-10 04:35:08.122112000,2026-05-09 23:35:08.122112-05:00,2026-05-09 23:30:00-05:00
278.2939758300781,2.251777172088623,272.93524169921875,281.5387268066406,276.7366943359375,1.879380226135254,272.42926025390625,279.3978576660156,263.3381652832031,1.0420700311660767,261.084228515625,264.77471923828125,1.557281494140625,14.955810546875,13.398529052734375,2026-05-10 04:45:08.153453952,2026-05-09 23:45:08.153453952-05:00,2026-05-09 23:40:00-05:00
277.8392333984375,2.1890504360198975,272.62799072265625,281.1700134277344,275.31915283203125,2.2232797145843506,271.297607421875,278.7427062988281,262.26739501953125,1.4642243385314941,259.21148681640625,264.3891296386719,2.52008056640625,15.57183837890625,13.0517578125,2026-05-10 04:55:08.453696000,2026-05-09 23:55:08.453696-05:00,2026-05-09 23:50:00-05:00
276.600341796875,2.558516025543213,272.0749206542969,280.80126953125,271.1070251464844,4.533105850219727,265.2819519042969,278.2662048339844,258.9602966308594,3.2401485443115234,254.1990509033203,263.7281494140625,5.493316650390625,17.640045166015625,12.146728515625,2026-05-10 05:05:07.845864064,2026-05-10 00:05:07.845864064-05:00,2026-05-10 00:00:00-05:00
275.8653564453125,2.397892713546753,270.6614685058594,279.69512939453125,268.6888427734375,3.6003530025482178,263.3164367675781,276.0028991699219,257.0830993652344,2.3802297115325928,254.1990509033203,262.40618896484375,7.176513671875,18.782257080078125,11.605743408203125,2026-05-10 05:15:08.408956032,2026-05-10 00:15:08.408956032-05:00,2026-05-10 00:10:00-05:00
275.8604431152344,2.336130380630493,270.7229309082031,278.466064453125,269.9110107421875,3.1479034423828125,264.62677001953125,276.0624694824219,258.1054382324219,2.021481513977051,255.19052124023438,262.5714416503906,5.949432373046875,17.7550048828125,11.805572509765625,2026-05-10 05:25:08.436887936,2026-05-10 00:25:08.436887936-05:00,2026-05-10 00:20:00-05:00
275.9784240722656,2.1629562377929688,271.0916442871094,279.6336669921875,271.9670715332031,2.801983118057251,267.5452575683594,277.1941223144531,259.7490539550781,1.9698140621185303,256.84295654296875,263.0671691894531,4.0113525390625,16.2293701171875,12.218017578125,2026-05-10 05:35:08.457056000,2026-05-10 00:35:08.457056-05:00,2026-05-10 00:30:00-05:00
275.4843444824219,2.8648130893707275,269.8625793457031,279.8180236816406,273.0177001953125,3.1097495555877686,267.3665771484375,277.6110534667969,260.7625732421875,2.015812635421753,257.28363037109375,263.61798095703125,2.466644287109375,14.721771240234375,12.255126953125,2026-05-10 05:45:07.844702976,2026-05-10 00:45:07.844702976-05:00,2026-05-10 00:40:00-05:00
274.47406005859375,2.6705269813537598,270.2927551269531,279.4493103027344,272.4006652832031,2.3259623050689697,268.200439453125,277.372802734375,260.4254455566406,1.4516887664794922,257.3937683105469,263.61798095703125,2.073394775390625,14.048614501953125,11.9752197265625,2026-05-10 05:55:08.492153088,2026-05-10 00:55:08.492153088-05:00,2026-05-10 00:50:00-05:00
266.8218688964844,10.350171089172363,247.92376708984375,278.7118835449219,264.3908996582031,10.938371658325195,244.13784790039062,276.3602600097656,254.3929443359375,8.479083061218262,238.17031860351562,262.95703125,2.43096923828125,12.428924560546875,9.997955322265625,2026-05-10 06:05:08.177800960,2026-05-10 01:05:08.177800960-05:00,2026-05-10 01:00:00-05:00
258.87225341796875,12.22534465789795,243.19186401367188,278.2817077636719,256.0643310546875,12.64297866821289,239.8494873046875,275.82421875,247.7258758544922,9.981295585632324,235.25100708007812,262.6816101074219,2.80792236328125,11.146377563476562,8.338455200195312,2026-05-10 06:15:08.157660928,2026-05-10 01:15:08.157660928-05:00,2026-05-10 01:10:00-05:00
259.9390869140625,4.8102569580078125,251.54949951171875,271.2145690917969,256.80047607421875,5.106217861175537,247.5328369140625,268.3195495605469,248.11363220214844,4.121045112609863,240.48374938964844,257.0082092285156,3.13861083984375,11.825454711914062,8.686843872070312,2026-05-10 06:25:07.853554048,2026-05-10 01:25:07.853554048-05:00,2026-05-10 01:20:00-05:00
267.773193359375,5.689527988433838,253.208740234375,274.77886962890625,264.8316650390625,5.987215042114258,249.91525268554688,272.2505798339844,254.21226501464844,4.836327075958252,241.75062561035156,260.3131103515625,2.9415283203125,13.560928344726562,10.619400024414062,2026-05-10 06:35:07.859092992,2026-05-10 01:35:07.859092992-05:00,2026-05-10 01:30:00-05:00
274.955810546875,4.6380391120910645,262.36529541015625,279.5107727050781,272.6913146972656,4.737147331237793,259.6236572265625,276.5389404296875,260.0751647949219,3.6706197261810303,250.12301635742188,262.95703125,2.264495849609375,14.880645751953125,12.61614990234375,2026-05-10 06:45:08.437753984,2026-05-10 01:45:08.437753984-05:00,2026-05-10 01:40:00-05:00
277.6917419433594,1.743367075920105,273.5498046875,279.7565612792969,275.7837219238281,1.4443418979644775,272.1910095214844,277.73016357421875,262.6617736816406,0.7971253395080566,260.808837890625,263.8934020996094,1.90802001953125,15.02996826171875,13.1219482421875,2026-05-10 06:55:07.857553024,2026-05-10 01:55:07.857553024-05:00,2026-05-10 01:50:00-05:00
277.6327209472656,1.695850133895874,273.6726989746094,280.0638427734375,275.9480895996094,1.387335181236267,272.9057312011719,278.0875244140625,262.89971923828125,0.786333441734314,261.2494812011719,264.11370849609375,1.68463134765625,14.733001708984375,13.048370361328125,2026-05-10 07:05:08.147723008,2026-05-10 02:05:08.147723008-05:00,2026-05-10 02:00:00-05:00
277.2959899902344,2.0016424655914307,273.36541748046875,280.37109375,275.7098693847656,1.7332839965820312,272.2505798339844,278.0875244140625,262.7719421386719,1.0034992694854736,259.8724365234375,264.11370849609375,1.58612060546875,14.5240478515625,12.93792724609375,2026-05-10 07:15:08.185521024,2026-05-10 02:15:08.185521024-05:00,2026-05-10 02:10:00-05:00
275.9342041015625,2.815396308898926,269.4324035644531,279.8180236816406,274.2637023925781,2.9154865741729736,266.53271484375,277.67059326171875,261.6835021972656,2.2576358318328857,254.6396942138672,263.8934020996094,1.670501708984375,14.250701904296875,12.5802001953125,2026-05-10 07:25:08.458904064,2026-05-10 02:25:08.458904064-05:00,2026-05-10 02:20:00-05:00
275.5704040527344,2.049804210662842,270.2313232421875,278.2817077636719,273.91827392578125,1.9590309858322144,269.33209228515625,276.3006896972656,261.50506591796875,1.4227585792541504,258.38525390625,262.95703125,1.652130126953125,14.065338134765625,12.4132080078125,2026-05-10 07:35:07.861163008,2026-05-10 02:35:07.861163008-05:00,2026-05-10 02:30:00-05:00
274.7223205566406,2.675581455230713,271.46038818359375,279.0805969238281,273.47515869140625,2.0891594886779785,270.88067626953125,276.8367614746094,261.4830322265625,1.0745582580566406,260.1478576660156,263.232421875,1.247161865234375,13.239288330078125,11.99212646484375,2026-05-10 07:45:08.145053952,2026-05-10 02:45:08.145053952-05:00,2026-05-10 02:40:00-05:00
274.4814147949219,3.005901336669922,270.90728759765625,279.69512939453125,273.28216552734375,2.5340018272399902,270.1659240722656,277.78973388671875,261.3750915527344,1.4552823305130005,259.5970458984375,263.8934020996094,1.199249267578125,13.1063232421875,11.907073974609375,2026-05-10 07:55:08.461343104,2026-05-10 02:55:08.461343104-05:00,2026-05-10 02:50:00-05:00
274.5084533691406,2.6105425357818604,271.33746337890625,279.57220458984375,273.36553955078125,2.224578857421875,270.7019958496094,277.73016357421875,261.5645446777344,1.3231918811798096,260.1478576660156,264.11370849609375,1.142913818359375,12.94390869140625,11.800994873046875,2026-05-10 08:05:08.168412032,2026-05-10 03:05:08.168412032-05:00,2026-05-10 03:00:00-05:00
276.14556884765625,2.120793342590332,271.9519958496094,279.5107727050781,274.76641845703125,1.799742579460144,271.178466796875,277.9088439941406,262.3951721191406,0.9578514099121094,260.69866943359375,264.11370849609375,1.379150390625,13.750396728515625,12.371246337890625,2026-05-10 08:15:08.465672064,2026-05-10 03:15:08.465672064-05:00,2026-05-10 03:10:00-05:00
275.599853515625,2.17956805229187,272.4436340332031,279.2034912109375,274.3209228515625,1.8064322471618652,271.4762878417969,277.372802734375,262.1131896972656,0.9469838738441467,260.3131103515625,263.7281494140625,1.2789306640625,13.486663818359375,12.207733154296875,2026-05-10 08:25:08.454400000,2026-05-10 03:25:08.454400-05:00,2026-05-10 03:20:00-05:00
274.2847595214844,2.314922571182251,271.03021240234375,278.5889587402344,273.08203125,1.8800479173660278,270.1659240722656,276.7176208496094,261.3221740722656,0.9667691588401794,259.48687744140625,263.34259033203125,1.202728271484375,12.96258544921875,11.759857177734375,2026-05-10 08:35:08.496595072,2026-05-10 03:35:08.496595072-05:00,2026-05-10 03:30:00-05:00
273.07781982421875,1.7998732328414917,269.30950927734375,276.25372314453125,271.6978454589844,1.4621917009353638,268.55780029296875,274.57342529296875,260.2271728515625,1.0138684511184692,257.83441162109375,262.2960205078125,1.379974365234375,12.85064697265625,11.470672607421875,2026-05-10 08:45:07.870286976,2026-05-10 03:45:07.870286976-05:00,2026-05-10 03:40:00-05:00
271.7553405761719,2.306130886077881,267.71173095703125,276.315185546875,270.33270263671875,2.0020267963409424,266.7113952636719,274.335205078125,259.2423095703125,1.2580896615982056,256.7327880859375,261.63507080078125,1.422637939453125,12.513031005859375,11.09039306640625,2026-05-10 08:55:08.162081024,2026-05-10 03:55:08.162081024-05:00,2026-05-10 03:50:00-05:00
271.900390625,2.296525716781616,269.4324035644531,276.9911804199219,270.8187255859375,1.8757357597351074,268.6769104003906,274.7521057128906,259.74908447265625,1.1219652891159058,258.2200012207031,262.18585205078125,1.0816650390625,12.15130615234375,11.06964111328125,2026-05-10 09:05:08.419548928,2026-05-10 04:05:08.419548928-05:00,2026-05-10 04:00:00-05:00
272.36004638671875,2.313053607940674,270.2313232421875,277.9129638671875,271.51678466796875,1.8283288478851318,269.8085632324219,276.18157958984375,260.4166564941406,1.0051255226135254,259.3216247558594,263.0671691894531,0.84326171875,11.943389892578125,11.100128173828125,2026-05-10 09:15:08.386322048,2026-05-10 04:15:08.386322048-05:00,2026-05-10 04:10:00-05:00
272.4288635253906,1.7204527854919434,270.2313232421875,276.315185546875,271.6788024902344,1.2742104530334473,270.1659240722656,274.8116760253906,260.5796813964844,0.6989389061927795,259.76226806640625,262.2960205078125,0.75006103515625,11.84918212890625,11.09912109375,2026-05-10 09:25:08.708768000,2026-05-10 04:25:08.708768-05:00,2026-05-10 04:20:00-05:00
272.7041931152344,2.156813621520996,270.60003662109375,278.5889587402344,271.99566650390625,1.6605868339538574,270.3446350097656,276.5389404296875,260.817626953125,0.8846973180770874,259.8724365234375,263.34259033203125,0.708526611328125,11.886566162109375,11.17803955078125,2026-05-10 09:35:08.713593984,2026-05-10 04:35:08.713593984-05:00,2026-05-10 04:30:00-05:00
272.6058654785156,1.7273409366607666,271.2145690917969,277.2984313964844,271.928955078125,1.3389405012130737,270.76153564453125,275.6455383300781,260.83746337890625,0.7280948162078857,260.0376892089844,262.95703125,0.676910400390625,11.768402099609375,11.09149169921875,2026-05-10 09:45:08.694349056,2026-05-10 04:45:08.694349056-05:00,2026-05-10 04:40:00-05:00
273.6432189941406,1.4074926376342773,271.2760314941406,277.7286071777344,272.6984558105469,1.1564134359359741,270.82110595703125,276.0028991699219,261.2120361328125,0.6696801781654358,260.3131103515625,263.232421875,0.94476318359375,12.431182861328125,11.486419677734375,2026-05-10 09:55:08.709260928,2026-05-10 04:55:08.709260928-05:00,2026-05-10 04:50:00-05:00
274.451904296875,1.9655590057373047,271.2760314941406,278.5274963378906,273.3321838378906,1.5429503917694092,271.0593566894531,276.5389404296875,261.5381164550781,0.8796891570091248,260.3131103515625,263.232421875,1.119720458984375,12.913787841796875,11.7940673828125,2026-05-10 10:05:08.102439936,2026-05-10 05:05:08.102439936-05:00,2026-05-10 05:00:00-05:00
275.1156005859375,2.3915467262268066,271.1531066894531,279.0191345214844,273.87774658203125,1.8674145936965942,270.88067626953125,277.1345520019531,261.82672119140625,1.034374713897705,260.1478576660156,263.61798095703125,1.23785400390625,13.28887939453125,12.051025390625,2026-05-10 10:15:08.685006976,2026-05-10 05:15:08.685006976-05:00,2026-05-10 05:10:00-05:00
275.1820068359375,2.0818119049072266,271.89056396484375,278.7733154296875,274.0278625488281,1.6155524253845215,271.53582763671875,277.0749816894531,261.99639892578125,0.8214501738548279,260.69866943359375,263.61798095703125,1.154144287109375,13.18560791015625,12.031463623046875,2026-05-10 10:25:08.689689984,2026-05-10 05:25:08.689689984-05:00,2026-05-10 05:20:00-05:00
276.4331970214844,1.8772093057632446,272.3821716308594,279.0805969238281,275.1094970703125,1.5075379610061646,271.9527587890625,277.1941223144531,262.58026123046875,0.801496684551239,261.084228515625,263.7281494140625,1.323699951171875,13.852935791015625,12.52923583984375,2026-05-10 10:35:08.723016960,2026-05-10 05:35:08.723016960-05:00,2026-05-10 05:30:00-05:00
276.61016845703125,1.9565740823745728,272.3821716308594,279.26495361328125,275.3024597167969,1.611824631690979,272.0123291015625,277.5514831542969,262.69482421875,0.9076653122901917,260.97406005859375,263.8934020996094,1.307708740234375,13.91534423828125,12.607635498046875,2026-05-10 10:45:08.107869952,2026-05-10 05:45:08.107869952-05:00,2026-05-10 05:40:00-05:00
276.1750793457031,1.8779817819595337,272.1363525390625,278.83477783203125,274.7473449707031,1.521957516670227,271.9527587890625,277.1941223144531,262.2387390136719,0.9059521555900574,260.5334167480469,263.7281494140625,1.427734375,13.93634033203125,12.50860595703125,2026-05-10 10:55:08.422739072,2026-05-10 05:55:08.422739072-05:00,2026-05-10 05:50:00-05:00
276.2586364746094,2.3273777961730957,271.2760314941406,280.00238037109375,274.58294677734375,2.024624824523926,270.6424255371094,277.6110534667969,261.9457092285156,1.2428314685821533,259.48687744140625,263.7281494140625,1.675689697265625,14.31292724609375,12.637237548828125,2026-05-10 11:05:08.403529984,2026-05-10 06:05:08.403529984-05:00,2026-05-10 06:00:00-05:00
276.0767517089844,1.3506653308868408,272.3821716308594,278.0973205566406,274.3018493652344,1.0239030122756958,271.59539794921875,276.18157958984375,261.60858154296875,0.5993755459785461,260.42327880859375,262.6816101074219,1.77490234375,14.468170166015625,12.693267822265625,2026-05-10 11:15:08.715805952,2026-05-10 06:15:08.715805952-05:00,2026-05-10 06:10:00-05:00
274.95831298828125,2.7274138927459717,270.2313232421875,279.326416015625,273.4727478027344,2.4437172412872314,269.21295166015625,277.1941223144531,261.3133850097656,1.578271508216858,258.49542236328125,263.61798095703125,1.485565185546875,13.644927978515625,12.15936279296875,2026-05-10 11:25:08.711173120,2026-05-10 06:25:08.711173120-05:00,2026-05-10 06:20:00-05:00
275.42779541015625,2.070753335952759,271.9519958496094,279.0805969238281,273.93255615234375,1.72847580909729,271.178466796875,277.253662109375,261.712158203125,0.9853271245956421,260.1478576660156,263.61798095703125,1.4952392578125,13.71563720703125,12.22039794921875,2026-05-10 11:35:08.110488960,2026-05-10 06:35:08.110488960-05:00,2026-05-10 06:30:00-05:00
275.94647216796875,1.880994200706482,272.5665283203125,279.0805969238281,274.4185791015625,1.5766443014144897,271.4167175292969,276.8367614746094,262.0580749511719,0.8964197039604187,260.42327880859375,263.34259033203125,1.52789306640625,13.888397216796875,12.360504150390625,2026-05-10 11:45:08.118187008,2026-05-10 06:45:08.118187008-05:00,2026-05-10 06:40:00-05:00
275.71295166015625,2.064976692199707,272.3821716308594,279.26495361328125,274.25421142578125,1.7661303281784058,271.53582763671875,277.313232421875,261.9655456542969,1.0213723182678223,260.42327880859375,263.61798095703125,1.458740234375,13.747406005859375,12.288665771484375,2026-05-10 11:55:08.402477952,2026-05-10 06:55:08.402477952-05:00,2026-05-10 06:50:00-05:00
275.23358154296875,2.3447790145874023,270.6614685058594,279.0191345214844,273.8372802734375,1.9403941631317139,270.2850646972656,277.0749816894531,261.73419189453125,1.0675040483474731,259.8724365234375,263.34259033203125,1.39630126953125,13.4993896484375,12.10308837890625,2026-05-10 12:05:08.431668096,2026-05-10 07:05:08.431668096-05:00,2026-05-10 07:00:00-05:00
274.7640686035156,2.355086326599121,270.7229309082031,278.3431396484375,273.4012756347656,1.8537644147872925,270.4637451171875,276.8367614746094,261.4698181152344,1.0257607698440552,259.8724365234375,263.4527587890625,1.36279296875,13.29425048828125,11.93145751953125,2026-05-10 12:15:08.117577984,2026-05-10 07:15:08.117577984-05:00,2026-05-10 07:10:00-05:00
274.37078857421875,2.270075559616089,270.2927551269531,279.26495361328125,273.02008056640625,1.9050483703613281,269.689453125,277.313232421875,261.1789855957031,1.0429493188858032,259.3216247558594,263.7281494140625,1.3507080078125,13.191802978515625,11.841094970703125,2026-05-10 12:25:08.434872064,2026-05-10 07:25:08.434872064-05:00,2026-05-10 07:20:00-05:00
276.1332702636719,2.568455457687378,271.03021240234375,280.00238037109375,274.33758544921875,2.1301462650299072,270.04681396484375,277.5514831542969,261.8069152832031,1.230709195137024,259.3216247558594,263.61798095703125,1.795684814453125,14.32635498046875,12.530670166015625,2026-05-10 12:35:08.404438016,2026-05-10 07:35:08.404438016-05:00,2026-05-10 07:30:00-05:00
276.77239990234375,2.729801654815674,271.89056396484375,281.4772644042969,274.7283020019531,2.346242666244507,270.4637451171875,278.92138671875,261.8950500488281,1.3546478748321533,259.48687744140625,264.3891296386719,2.044097900390625,14.877349853515625,12.833251953125,2026-05-10 12:45:08.122417024,2026-05-10 07:45:08.122417024-05:00,2026-05-10 07:40:00-05:00
276.1922912597656,3.2683005332946777,269.67822265625,281.1700134277344,274.2303771972656,2.7684578895568848,269.0342712402344,278.6831359863281,261.5843811035156,1.5631468296051025,258.77081298828125,264.2789611816406,1.9619140625,14.60791015625,12.64599609375,2026-05-10 12:55:08.707510016,2026-05-10 07:55:08.707510016-05:00,2026-05-10 07:50:00-05:00
276.4085998535156,3.6442248821258545,269.67822265625,281.4772644042969,274.3280334472656,3.0480425357818604,268.8555908203125,278.6831359863281,261.53369140625,1.719225287437439,258.38525390625,264.11370849609375,2.08056640625,14.874908447265625,12.794342041015625,2026-05-10 13:05:08.421137024,2026-05-10 08:05:08.421137024-05:00,2026-05-10 08:00:00-05:00
277.2197570800781,2.9015111923217773,270.6614685058594,280.9241943359375,274.8164367675781,2.448460340499878,269.3916320800781,277.6110534667969,261.7738342285156,1.3590861558914185,258.9360656738281,263.34259033203125,2.4033203125,15.4459228515625,13.0426025390625,2026-05-10 13:15:08.437019904,2026-05-10 08:15:08.437019904-05:00,2026-05-10 08:10:00-05:00
277.13128662109375,2.732099771499634,271.5832824707031,281.0470886230469,274.69732666015625,2.3623318672180176,270.2254943847656,278.1470947265625,261.70556640625,1.37050461769104,259.48687744140625,263.61798095703125,2.4339599609375,15.42572021484375,12.99176025390625,2026-05-10 13:25:08.710985984,2026-05-10 08:25:08.710985984-05:00,2026-05-10 08:20:00-05:00
277.2074890136719,2.879699230194092,271.33746337890625,281.7845458984375,274.3804626464844,2.275085687637329,269.98724365234375,277.9684143066406,261.35302734375,1.1642255783081055,259.04620361328125,262.95703125,2.8270263671875,15.854461669921875,13.027435302734375,2026-05-10 13:35:08.720612096,2026-05-10 08:35:08.720612096-05:00,2026-05-10 08:30:00-05:00
274.92144775390625,3.441725254058838,268.9407958984375,279.0805969238281,271.8574523925781,2.76521372795105,267.3665771484375,276.24114990234375,259.46923828125,1.4557971954345703,257.11834716796875,262.2960205078125,3.063995361328125,15.45220947265625,12.388214111328125,2026-05-10 13:45:08.754593024,2026-05-10 08:45:08.754593024-05:00,2026-05-10 08:40:00-05:00
275.78668212890625,3.642848491668701,268.6949768066406,281.0470886230469,273.2726135253906,3.241058588027954,267.06878662109375,277.6110534667969,260.7317199707031,2.084444522857666,256.7327880859375,263.4527587890625,2.514068603515625,15.054962158203125,12.5408935546875,2026-05-10 13:55:08.426221952,2026-05-10 08:55:08.426221952-05:00,2026-05-10 08:50:00-05:00
279.4173278808594,3.1540424823760986,271.9519958496094,284.4884948730469,276.3745422363281,2.563262462615967,270.2254943847656,280.5295104980469,262.5031433105469,1.3746380805969238,259.3216247558594,264.66455078125,3.04278564453125,16.9141845703125,13.87139892578125,2026-05-10 14:05:08.734071040,2026-05-10 09:05:08.734071040-05:00,2026-05-10 09:00:00-05:00
278.5840759277344,3.362386703491211,270.7229309082031,282.8292541503906,275.7884521484375,2.816164970397949,269.21295166015625,278.86181640625,262.31585693359375,1.5997430086135864,258.77081298828125,264.2789611816406,2.795623779296875,16.268218994140625,13.47259521484375,2026-05-10 14:15:08.731883008,2026-05-10 09:15:08.731883008-05:00,2026-05-10 09:10:00-05:00
279.110107421875,3.3789756298065186,271.46038818359375,283.1979675292969,276.30548095703125,2.726447582244873,270.3446350097656,279.21917724609375,262.697021484375,1.4853283166885376,259.3216247558594,264.4992980957031,2.80462646484375,16.4130859375,13.60845947265625,2026-05-10 14:25:08.694080000,2026-05-10 09:25:08.694080-05:00,2026-05-10 09:20:00-05:00
281.5067443847656,3.4733333587646484,274.0414123535156,286.76226806640625,278.4615478515625,2.629460573196411,272.72705078125,282.6141357421875,263.97930908203125,1.1962776184082031,261.46978759765625,265.82122802734375,3.045196533203125,17.527435302734375,14.48223876953125,2026-05-10 14:35:08.134748032,2026-05-10 09:35:08.134748032-05:00,2026-05-10 09:30:00-05:00
282.65716552734375,3.501781463623047,275.82354736328125,287.6840515136719,279.68853759765625,2.543705940246582,274.57342529296875,283.2693176269531,264.6689453125,1.1306545734405518,262.18585205078125,266.2068176269531,2.9686279296875,17.98822021484375,15.01959228515625,2026-05-10 14:45:08.462834944,2026-05-10 09:45:08.462834944-05:00,2026-05-10 09:40:00-05:00
282.8218688964844,3.693392753601074,276.0693664550781,288.1142272949219,279.84100341796875,2.7386088371276855,274.275634765625,283.6266784667969,264.79229736328125,1.2252111434936523,261.91046142578125,266.48223876953125,2.980865478515625,18.029571533203125,15.0487060546875,2026-05-10 14:55:08.448290944,2026-05-10 09:55:08.448290944-05:00,2026-05-10 09:50:00-05:00
282.6350402832031,4.082005023956299,274.77886962890625,288.5444030761719,279.71234130859375,3.0128843784332275,273.5013427734375,283.92449951171875,264.73504638671875,1.322184443473816,261.7452392578125,266.48223876953125,2.922698974609375,17.899993896484375,14.977294921875,2026-05-10 15:05:08.423475072,2026-05-10 10:05:08.423475072-05:00,2026-05-10 10:00:00-05:00
283.0283508300781,4.1450419425964355,276.4381103515625,288.9131164550781,279.9553527832031,3.0511832237243652,274.275634765625,284.1627197265625,264.843017578125,1.3907849788665771,262.0206298828125,266.8127136230469,3.072998046875,18.185333251953125,15.112335205078125,2026-05-10 15:15:08.745486976,2026-05-10 10:15:08.745486976-05:00,2026-05-10 10:10:00-05:00
283.1881408691406,3.984438180923462,275.454833984375,289.2818298339844,280.0292053222656,2.9343128204345703,273.79913330078125,284.63922119140625,264.9024963378906,1.287986397743225,261.91046142578125,266.8127136230469,3.158935546875,18.28564453125,15.126708984375,2026-05-10 15:25:08.752201984,2026-05-10 10:25:08.752201984-05:00,2026-05-10 10:20:00-05:00
282.4359436035156,4.2548065185546875,274.22576904296875,288.4829406738281,279.36688232421875,3.1211764812469482,272.6079406738281,283.92449951171875,264.51690673828125,1.4990884065628052,261.084228515625,266.48223876953125,3.069061279296875,17.919036865234375,14.8499755859375,2026-05-10 15:35:08.434862080,2026-05-10 10:35:08.434862080-05:00,2026-05-10 10:30:00-05:00
281.1994934082031,3.932403564453125,274.2872314453125,287.1924133300781,278.1923522949219,2.752164363861084,272.42926025390625,281.7803039550781,263.8449401855469,1.2554044723510742,261.2494812011719,265.4356689453125,3.00714111328125,17.35455322265625,14.347412109375,2026-05-10 15:45:08.143933056,2026-05-10 10:45:08.143933056-05:00,2026-05-10 10:40:00-05:00
279.7246398925781,3.186063051223755,273.79559326171875,285.1644592285156,276.781982421875,2.2133514881134033,272.42926025390625,280.82733154296875,263.1068420410156,1.102016568183899,261.084228515625,265.1602783203125,2.942657470703125,16.6177978515625,13.675140380859375,2026-05-10 15:55:08.737629952,2026-05-10 10:55:08.737629952-05:00,2026-05-10 10:50:00-05:00
278.6676025390625,3.2075366973876953,272.7508850097656,285.5946350097656,275.7289123535156,2.120363712310791,271.4167175292969,280.8868713378906,262.4987487792969,1.0338566303253174,260.3131103515625,264.66455078125,2.938690185546875,16.168853759765625,13.23016357421875,2026-05-10 16:05:08.736716928,2026-05-10 11:05:08.736716928-05:00,2026-05-10 11:00:00-05:00
277.9744567871094,3.243431568145752,272.0749206542969,286.7008056640625,275.04278564453125,2.502194404602051,270.7019958496094,281.7207336425781,262.064697265625,1.3719626665115356,259.3216247558594,265.4356689453125,2.931671142578125,15.909759521484375,12.97808837890625,2026-05-10 16:15:08.145312000,2026-05-10 11:15:08.145312-05:00,2026-05-10 11:10:00-05:00
276.25128173828125,3.4842886924743652,269.9855041503906,283.5052185058594,273.6776428222656,2.4246156215667725,269.27252197265625,278.6831359863281,261.2296447753906,1.2465351819992065,258.66064453125,263.4527587890625,2.573638916015625,15.021636962890625,12.447998046875,2026-05-10 16:25:08.460683008,2026-05-10 11:25:08.460683008-05:00,2026-05-10 11:20:00-05:00
272.9844055175781,2.745471715927124,268.3262634277344,278.2202453613281,270.8544616699219,2.038760185241699,267.6048278808594,274.3947448730469,259.57720947265625,1.1373885869979858,257.669189453125,261.46978759765625,2.12994384765625,13.407196044921875,11.277252197265625,2026-05-10 16:35:08.150763008,2026-05-10 11:35:08.150763008-05:00,2026-05-10 11:30:00-05:00
270.4451599121094,2.1906449794769287,266.9742736816406,274.8403015136719,268.6078186035156,1.5739997625350952,265.8179931640625,271.9527587890625,258.112060546875,0.9332684278488159,256.1819763183594,259.8724365234375,1.83734130859375,12.333099365234375,10.495758056640625,2026-05-10 16:45:08.450441984,2026-05-10 11:45:08.450441984-05:00,2026-05-10 11:40:00-05:00
269.3807678222656,2.8290820121765137,266.9742736816406,280.0638427734375,267.30938720703125,1.9471553564071655,265.2223815917969,274.275634765625,257.19549560546875,0.9689358472824097,256.0167236328125,260.42327880859375,2.071380615234375,12.185272216796875,10.1138916015625,2026-05-10 16:55:08.438644992,2026-05-10 11:55:08.438644992-05:00,2026-05-10 11:50:00-05:00
269.0096130371094,2.4415030479431152,264.82342529296875,276.68389892578125,266.89959716796875,1.77284836769104,263.91204833984375,271.8336486816406,256.93109130859375,1.0070170164108276,255.19052124023438,259.21148681640625,2.110015869140625,12.078521728515625,9.968505859375,2026-05-10 17:05:08.753437952,2026-05-10 12:05:08.753437952-05:00,2026-05-10 12:00:00-05:00
269.3193664550781,3.2007551193237305,264.82342529296875,277.605712890625,266.9853820800781,2.153303623199463,263.7929382324219,272.0123291015625,256.92669677734375,1.2308878898620605,254.6396942138672,259.3216247558594,2.333984375,12.392669677734375,10.058685302734375,2026-05-10 17:15:08.814049024,2026-05-10 12:15:08.814049024-05:00,2026-05-10 12:10:00-05:00
268.28936767578125,2.6837003231048584,264.9463195800781,274.22576904296875,266.6065673828125,2.0583090782165527,263.7929382324219,271.238037109375,256.8121032714844,1.255194067955017,254.74986267089844,259.48687744140625,1.68280029296875,11.477264404296875,9.794464111328125,2026-05-10 17:25:08.460098944,2026-05-10 12:25:08.460098944-05:00,2026-05-10 12:20:00-05:00
266.6620788574219,1.6805357933044434,263.901611328125,270.6614685058594,265.52020263671875,1.5403133630752563,262.9590759277344,268.9151611328125,256.2921447753906,1.0457974672317505,254.47445678710938,258.49542236328125,1.141876220703125,10.36993408203125,9.228057861328125,2026-05-10 17:35:08.520616064,2026-05-10 12:35:08.520616064-05:00,2026-05-10 12:30:00-05:00
266.2983093261719,1.7590686082839966,263.4100036621094,270.53857421875,265.2152404785156,1.4046580791473389,262.48260498046875,267.9621887207031,256.0982360839844,0.9315282106399536,254.3092041015625,257.83441162109375,1.08306884765625,10.2000732421875,9.11700439453125,2026-05-10 17:45:08.478881920,2026-05-10 12:45:08.478881920-05:00,2026-05-10 12:40:00-05:00
266.3892517089844,1.934135913848877,263.22564697265625,269.9855041503906,265.0556335449219,1.6339218616485596,262.42303466796875,267.5452575683594,255.9285888671875,1.0619165897369385,254.3092041015625,257.55902099609375,1.3336181640625,10.460662841796875,9.127044677734375,2026-05-10 17:55:08.755538944,2026-05-10 12:55:08.755538944-05:00,2026-05-10 12:50:00-05:00
267.1168518066406,2.7820215225219727,262.9183654785156,272.0134582519531,265.4082336425781,2.2641491889953613,262.006103515625,269.33209228515625,256.0167236328125,1.389891266822815,253.75839233398438,258.38525390625,1.7086181640625,11.100128173828125,9.391510009765625,2026-05-10 18:05:08.760832000,2026-05-10 13:05:08.760832-05:00,2026-05-10 13:00:00-05:00
266.2368469238281,2.56524658203125,262.5496520996094,271.46038818359375,264.7363586425781,2.144895076751709,261.58917236328125,268.8555908203125,255.61795043945312,1.3565062284469604,253.59315490722656,258.2200012207031,1.50048828125,10.618896484375,9.118408203125,2026-05-10 18:15:08.746876928,2026-05-10 13:15:08.746876928-05:00,2026-05-10 13:10:00-05:00
266.83416748046875,3.590535879135132,261.7507629394531,273.36541748046875,265.2462158203125,3.141155242919922,260.6361999511719,271.118896484375,255.8977508544922,1.9233897924423218,252.87709045410156,259.48687744140625,1.58795166015625,10.936416625976562,9.348464965820312,2026-05-10 18:25:08.766055040,2026-05-10 13:25:08.766055040-05:00,2026-05-10 13:20:00-05:00
268.1517333984375,4.405773639678955,262.1809387207031,276.25372314453125,266.2182312011719,3.854004383087158,261.1127014160156,273.79913330078125,256.417724609375,2.3355884552001953,253.20758056640625,261.084228515625,1.933502197265625,11.7340087890625,9.800506591796875,2026-05-10 18:35:08.775980032,2026-05-10 13:35:08.775980032-05:00,2026-05-10 13:30:00-05:00
268.1861267089844,3.634526014328003,262.9798278808594,275.024658203125,266.09912109375,3.1630122661590576,261.58917236328125,272.2505798339844,256.23486328125,1.941840648651123,253.3177490234375,260.1478576660156,2.087005615234375,11.951263427734375,9.8642578125,2026-05-10 18:45:08.785853952,2026-05-10 13:45:08.785853952-05:00,2026-05-10 13:40:00-05:00
270.9736633300781,4.643430233001709,263.471435546875,284.91864013671875,267.8263854980469,3.5944178104400635,260.9935607910156,278.86181640625,256.9178771972656,2.025379180908203,252.6016845703125,262.84686279296875,3.14727783203125,14.0557861328125,10.90850830078125,2026-05-10 18:55:08.756674048,2026-05-10 13:55:08.756674048-05:00,2026-05-10 13:50:00-05:00
274.1299133300781,5.58242654800415,263.471435546875,285.6560974121094,270.3112487792969,4.141086101531982,262.1847839355469,278.44488525390625,258.2134094238281,2.2626798152923584,253.3177490234375,262.40618896484375,3.81866455078125,15.91650390625,12.09783935546875,2026-05-10 19:05:08.165787008,2026-05-10 14:05:08.165787008-05:00,2026-05-10 14:00:00-05:00
275.1598815917969,5.268439292907715,264.70050048828125,286.63934326171875,271.18084716796875,4.0755791664123535,262.42303466796875,279.8147888183594,258.76202392578125,2.2629706859588623,254.03379821777344,263.232421875,3.979034423828125,16.397857666015625,12.4188232421875,2026-05-10 19:15:08.797339008,2026-05-10 14:15:08.797339008-05:00,2026-05-10 14:10:00-05:00
273.1712341308594,3.5177788734436035,266.7284851074219,278.6504211425781,269.88482666015625,2.6730287075042725,265.40106201171875,274.3947448730469,258.23101806640625,1.5205681324005127,255.46592712402344,260.5334167480469,3.286407470703125,14.940216064453125,11.65380859375,2026-05-10 19:25:08.171869952,2026-05-10 14:25:08.171869952-05:00,2026-05-10 14:20:00-05:00
269.8822326660156,3.425358533859253,262.4267272949219,276.0693664550781,267.647705078125,3.062723159790039,261.2913818359375,273.08441162109375,257.0897216796875,1.9838624000549316,252.7669219970703,260.5334167480469,2.234527587890625,12.792510986328125,10.5579833984375,2026-05-10 19:35:08.829560064,2026-05-10 14:35:08.829560064-05:00,2026-05-10 14:30:00-05:00
268.7220153808594,3.826328992843628,263.041259765625,274.9632263183594,266.6185302734375,3.5664548873901367,261.2318115234375,272.66748046875,256.48382568359375,2.281949996948242,253.20758056640625,260.3131103515625,2.103485107421875,12.238189697265625,10.13470458984375,2026-05-10 19:45:08.767174016,2026-05-10 14:45:08.767174016-05:00,2026-05-10 14:40:00-05:00
266.88824462890625,3.026301383972168,261.6278381347656,273.48834228515625,265.09375,2.840029239654541,259.8023681640625,271.0593566894531,255.63558959960938,1.821852445602417,251.8856201171875,259.3216247558594,1.79449462890625,11.252655029296875,9.458160400390625,2026-05-10 19:55:08.532564992,2026-05-10 14:55:08.532564992-05:00,2026-05-10 14:50:00-05:00
266.92266845703125,2.7034826278686523,262.1194763183594,273.3039855957031,264.886474609375,2.155665159225464,260.6957702636719,269.3916320800781,255.5033721923828,1.3690145015716553,252.7669219970703,257.944580078125,2.03619384765625,11.419296264648438,9.383102416992188,2026-05-10 20:05:08.767744000,2026-05-10 15:05:08.767744-05:00,2026-05-10 15:00:00-05:00
267.38970947265625,4.13106632232666,258.7395324707031,275.5777587890625,265.3415222167969,3.26619291305542,258.0751037597656,271.0593566894531,255.78099060058594,1.999605655670166,250.72891235351562,259.04620361328125,2.048187255859375,11.608718872070312,9.560531616210938,2026-05-10 20:15:08.507020928,2026-05-10 15:15:08.507020928-05:00,2026-05-10 15:10:00-05:00
266.1655578613281,4.464868545532227,251.918212890625,274.22576904296875,264.5409851074219,4.219734191894531,249.91525268554688,270.7019958496094,255.49456787109375,2.8675060272216797,244.94534301757812,258.77081298828125,1.62457275390625,10.670989990234375,9.046417236328125,2026-05-10 20:25:08.479542016,2026-05-10 15:25:08.479542016-05:00,2026-05-10 15:20:00-05:00
262.6405944824219,8.35653305053711,239.99627685546875,271.46038818359375,261.2532653808594,8.017457962036133,239.31344604492188,269.8681335449219,252.9806671142578,6.00994348526001,236.13230895996094,258.77081298828125,1.3873291015625,9.659927368164062,8.272598266601562,2026-05-10 20:35:08.778318976,2026-05-10 15:35:08.778318976-05:00,2026-05-10 15:30:00-05:00
256.9696960449219,8.644874572753906,240.11917114257812,268.0804443359375,255.75460815429688,8.507711410522461,239.0751953125,266.65185546875,248.98834228515625,6.4611945152282715,235.74673461914062,257.0082092285156,1.215087890625,7.981353759765625,6.766265869140625,2026-05-10 20:45:08.475713024,2026-05-10 15:45:08.475713024-05:00,2026-05-10 15:40:00-05:00
250.89808654785156,6.74265718460083,239.44320678710938,263.8401794433594,249.68177795410156,6.773000717163086,238.3009033203125,262.8995056152344,244.30859375,5.469374656677246,234.36968994140625,254.6396942138672,1.21630859375,6.5894927978515625,5.3731842041015625,2026-05-10 20:55:08.181965952,2026-05-10 15:55:08.181965952-05:00,2026-05-10 15:50:00-05:00
253.45701599121094,7.235484600067139,243.92929077148438,271.33746337890625,252.14283752441406,7.087369918823242,242.47015380859375,268.7364807128906,246.0381622314453,5.262719631195068,238.3355712890625,257.944580078125,1.314178466796875,7.418853759765625,6.10467529296875,2026-05-10 21:05:08.258494080,2026-05-10 16:05:08.258494080-05:00,2026-05-10 16:00:00-05:00
262.4980163574219,5.836695194244385,251.97967529296875,270.6614685058594,260.8482360839844,5.5157575607299805,251.10647583007812,268.081298828125,252.44964599609375,3.8324172496795654,245.55123901367188,257.3937683105469,1.6497802734375,10.048370361328125,8.398590087890625,2026-05-10 21:15:08.256541952,2026-05-10 16:15:08.256541952-05:00,2026-05-10 16:10:00-05:00
265.6468811035156,4.449626922607422,255.72833251953125,275.94647216796875,263.8024597167969,3.9644651412963867,254.56100463867188,272.0123291015625,254.49649047851562,2.583082914352417,247.8646697998047,259.3216247558594,1.84442138671875,11.150390625,9.30596923828125,2026-05-10 21:25:07.965549952,2026-05-10 16:25:07.965549952-05:00,2026-05-10 16:20:00-05:00
265.3814392089844,3.676077127456665,256.5272216796875,275.3934020996094,263.4736633300781,3.5443003177642822,254.91836547851562,271.9527587890625,254.2122802734375,2.4606735706329346,248.19515991210938,259.48687744140625,1.90777587890625,11.169158935546875,9.261383056640625,2026-05-10 21:35:08.592257920,2026-05-10 16:35:08.592257920-05:00,2026-05-10 16:30:00-05:00
265.2707824707031,3.4189915657043457,261.1976623535156,273.9799499511719,263.3188171386719,3.1358861923217773,259.32586669921875,271.238037109375,253.99195861816406,1.9736275672912598,251.1695556640625,258.66064453125,1.95196533203125,11.278823852539062,9.326858520507812,2026-05-10 21:45:08.558084992,2026-05-10 16:45:08.558084992-05:00,2026-05-10 16:40:00-05:00
265.59771728515625,4.076056003570557,259.2311706542969,273.11962890625,263.70477294921875,3.7785422801971436,257.2412414550781,270.82110595703125,254.29598999023438,2.5222926139831543,249.8476104736328,259.21148681640625,1.8929443359375,11.301727294921875,9.408782958984375,2026-05-10 21:55:07.968454016,2026-05-10 16:55:07.968454016-05:00,2026-05-10 16:50:00-05:00
267.8002014160156,4.388923168182373,260.1529541015625,276.5610046386719,265.59405517578125,3.7140066623687744,259.2067565917969,272.31011962890625,255.59591674804688,2.220919370651245,251.61021423339844,259.76226806640625,2.206146240234375,12.20428466796875,9.998138427734375,2026-05-10 22:05:08.257056896,2026-05-10 17:05:08.257056896-05:00,2026-05-10 17:00:00-05:00
271.8880920410156,5.444458961486816,263.5943603515625,281.72308349609375,269.4703063964844,4.283433437347412,262.5421447753906,277.0749816894531,258.14727783203125,2.465769052505493,253.75839233398438,262.18585205078125,2.41778564453125,13.740814208984375,11.323028564453125,2026-05-10 22:15:08.536281984,2026-05-10 17:15:08.536281984-05:00,2026-05-10 17:10:00-05:00
273.3187255859375,4.6442551612854,266.052490234375,281.4158020019531,270.7496337890625,3.634478807449341,265.162841796875,277.01544189453125,259.1453857421875,2.059136390686035,256.0167236328125,262.5714416503906,2.569091796875,14.17333984375,11.604248046875,2026-05-10 22:25:08.549691008,2026-05-10 17:25:08.549691008-05:00,2026-05-10 17:20:00-05:00
272.3010559082031,3.9432435035705566,264.9463195800781,280.43255615234375,269.9872741699219,3.2428221702575684,263.97161865234375,276.24114990234375,258.7377624511719,2.095184087753296,253.75839233398438,262.18585205078125,2.31378173828125,13.56329345703125,11.24951171875,2026-05-10 22:35:08.565004928,2026-05-10 17:35:08.565004928-05:00,2026-05-10 17:30:00-05:00
271.8094482421875,4.751282215118408,258.18646240234375,279.0805969238281,269.5703125,4.486222267150879,255.871337890625,275.2881774902344,258.41387939453125,3.1603620052337646,247.8646697998047,261.91046142578125,2.2391357421875,13.39556884765625,11.15643310546875,2026-05-10 22:45:08.260439040,2026-05-10 17:45:08.260439040-05:00,2026-05-10 17:40:00-05:00
272.5075378417969,1.9942312240600586,266.2983093261719,275.7621154785156,270.4327697753906,2.0340986251831055,264.5076599121094,273.97784423828125,259.12335205078125,1.447709083557129,254.74986267089844,261.46978759765625,2.07476806640625,13.384185791015625,11.309417724609375,2026-05-10 22:55:08.569102976,2026-05-10 17:55:08.569102976-05:00,2026-05-10 17:50:00-05:00
272.96966552734375,2.154202699661255,267.343017578125,275.94647216796875,270.4351501464844,2.2362613677978516,265.2819519042969,273.85870361328125,258.92724609375,1.657553791999817,255.19052124023438,261.2494812011719,2.534515380859375,14.04241943359375,11.507904052734375,2026-05-10 23:05:08.586120960,2026-05-10 18:05:08.586120960-05:00,2026-05-10 18:00:00-05:00
271.0842590332031,3.102674722671509,264.5161437988281,275.7621154785156,268.3624267578125,3.007887840270996,262.7803955078125,273.4417724609375,257.2659912109375,2.139645576477051,253.59315490722656,261.084228515625,2.721832275390625,13.818267822265625,11.096435546875,2026-05-10 23:15:07.978310016,2026-05-10 18:15:07.978310016-05:00,2026-05-10 18:10:00-05:00
269.2603454589844,3.348026752471924,263.041259765625,273.9799499511719,266.5089111328125,3.058668613433838,260.9935607910156,271.4762878417969,255.92861938476562,2.017094612121582,252.32627868652344,259.3216247558594,2.751434326171875,13.33172607421875,10.580291748046875,2026-05-10 23:25:08.263478016,2026-05-10 18:25:08.263478016-05:00,2026-05-10 18:20:00-05:00
268.1640319824219,3.1795952320098877,262.4267272949219,272.9967041015625,265.9228210449219,2.8671112060546875,260.81488037109375,270.2254943847656,255.9087677001953,1.9810067415237427,252.16102600097656,258.66064453125,2.2412109375,12.255264282226562,10.014053344726562,2026-05-10 23:35:08.275702912,2026-05-10 18:35:08.275702912-05:00,2026-05-10 18:30:00-05:00
267.4315185546875,2.444828510284424,262.79547119140625,271.33746337890625,265.72509765625,2.420607328414917,261.4104919433594,269.21295166015625,256.1136779785156,1.7576627731323242,252.87709045410156,258.38525390625,1.7064208984375,11.317840576171875,9.611419677734375,2026-05-10 23:45:07.980605056,2026-05-10 18:45:07.980605056-05:00,2026-05-10 18:40:00-05:00
265.81158447265625,1.7503690719604492,262.4881896972656,270.53857421875,264.8578796386719,1.5907392501831055,261.5296325683594,268.55780029296875,255.84707641601562,1.2099806070327759,253.20758056640625,258.1098327636719,0.953704833984375,9.964508056640625,9.01080322265625,2026-05-10 23:55:08.589005056,2026-05-10 18:55:08.589005056-05:00,2026-05-10 18:50:00-05:00
