date,files_found,files_processed,files_failed,status
2026-01-01,144,144,0,OK
2026-01-02,144,144,0,OK
2026-01-03,144,144,0,OK
2026-01-04,144,144,0,OK
2026-01-05,145,145,0,OK
2026-01-06,144,144,0,OK
2026-01-07,144,144,0,OK
2026-01-08,144,144,0,OK
2026-01-09,144,144,0,OK
2026-01-10,144,144,0,OK
2026-01-11,144,144,0,OK
2026-01-12,144,144,0,OK
2026-01-13,144,144,0,OK
2026-01-14,144,144,0,OK
2026-01-15,144,144,0,OK
2026-01-16,144,144,0,OK
2026-01-17,144,144,0,OK
2026-01-18,144,144,0,OK
2026-01-19,145,145,0,OK
2026-01-20,144,144,0,OK
2026-01-21,144,144,0,OK
2026-01-22,144,144,0,OK
2026-01-23,144,144,0,OK
2026-01-24,144,144,0,OK
2026-01-25,144,144,0,OK
2026-01-26,144,144,0,OK
2026-01-27,144,144,0,OK
2026-01-28,144,144,0,OK
2026-01-29,144,144,0,OK
2026-01-30,144,144,0,OK
2026-01-31,144,144,0,OK
2026-03-01,144,144,0,OK
2026-03-02,144,144,0,OK
2026-03-03,144,144,0,OK
2026-03-04,144,144,0,OK
2026-03-05,144,144,0,OK
2026-03-06,144,144,0,OK
2026-03-07,144,144,0,OK
2026-03-08,144,144,0,OK
2026-03-09,144,144,0,OK
2026-03-10,144,144,0,OK
2026-03-11,144,144,0,OK
2026-03-12,144,144,0,OK
2026-03-13,144,144,0,OK
2026-03-14,144,144,0,OK
2026-03-15,144,144,0,OK
2026-03-16,145,145,0,OK
2026-03-17,144,144,0,OK
2026-03-18,144,144,0,OK
2026-03-19,144,144,0,OK
2026-03-20,144,144,0,OK
2026-03-21,144,144,0,OK
2026-03-22,144,144,0,OK
2026-03-23,144,144,0,OK
2026-03-24,144,144,0,OK
2026-03-26,144,144,0,OK
2026-03-27,144,144,0,OK
2026-03-28,144,144,0,OK
2026-03-29,144,144,0,OK
2026-03-30,145,145,0,OK
2026-03-31,144,144,0,OK
2026-04-01,144,144,0,OK
2026-04-02,144,144,0,OK
2026-04-03,144,144,0,OK
2026-04-04,144,144,0,OK
2026-04-05,144,144,0,OK
2026-04-06,144,144,0,OK
2026-04-07,144,144,0,OK
2026-04-08,144,144,0,OK
2026-04-09,144,144,0,OK
2026-04-10,145,145,0,OK
2026-04-11,144,144,0,OK
2026-04-12,144,144,0,OK
2026-04-13,145,145,0,OK
2026-04-14,143,143,0,OK
2026-04-15,141,141,0,OK
2026-04-16,144,144,0,OK
2026-04-17,144,144,0,OK
2026-04-18,144,144,0,OK
2026-04-19,144,144,0,OK
2026-04-20,144,144,0,OK
2026-04-22,144,144,0,OK
2026-04-23,144,144,0,OK
2026-04-24,144,144,0,OK
2026-04-25,144,144,0,OK
2026-04-26,144,144,0,OK
2026-04-27,145,145,0,OK
2026-04-28,144,144,0,OK
2026-04-29,144,144,0,OK
2026-04-30,144,144,0,OK
2026-07-01,144,144,0,OK
2026-07-02,144,144,0,OK
2026-07-03,144,144,0,OK
2026-07-04,144,144,0,OK
2026-07-05,136,136,0,OK
2026-07-06,135,135,0,OK
2026-07-07,144,144,0,OK
2026-07-08,144,144,0,OK
2026-07-09,145,145,0,OK
2026-07-10,144,144,0,OK
2026-07-11,144,144,0,OK
2026-07-12,144,144,0,OK
2026-07-13,144,144,0,OK
2026-07-14,144,144,0,OK
2026-07-15,144,144,0,OK
2026-07-16,144,144,0,OK
2026-07-17,144,144,0,OK
2026-07-18,144,144,0,OK
2026-07-19,144,144,0,OK
2026-07-20,143,143,0,OK
2026-06-01,144,144,0,OK
2026-06-02,144,144,0,OK
2026-06-03,131,131,0,OK
2026-06-04,144,144,0,OK
2026-06-05,144,144,0,OK
2026-06-06,144,144,0,OK
2026-06-07,144,144,0,OK
2026-06-08,145,145,0,OK
2026-06-09,144,144,0,OK
2026-06-10,144,144,0,OK
2026-06-11,144,144,0,OK
2026-06-12,144,144,0,OK
2026-06-13,144,144,0,OK
2026-06-14,142,142,0,OK
2026-06-15,139,139,0,OK
2026-06-16,144,144,0,OK
2026-06-17,144,144,0,OK
2026-06-18,143,143,0,OK
2026-06-19,144,144,0,OK
2026-06-20,144,144,0,OK
2026-06-21,144,144,0,OK
2026-06-22,144,144,0,OK
2026-06-23,144,144,0,OK
2026-06-24,141,141,0,OK
2026-06-25,144,144,0,OK
2026-06-26,144,144,0,OK
2026-06-27,144,144,0,OK
2026-06-28,144,144,0,OK
2026-06-29,144,144,0,OK
2026-06-30,144,144,0,OK
